{"1": 0.5875153541564941, "2": 1.319187879562378, "5": 2.485349416732788, "10": 5.650850296020508, "15": 8.943597078323364, "20": 11.67467212677002}