{"2": 41.24807524681091, "4": 41.2049777507782, "6": 42.434969425201416, "8": 42.67620229721069, "10": 41.76932692527771, "12": 41.96912980079651, "15": 42.70262050628662}